id,name,country,lat,lon,elev
BE-Vie,Vielsalm,BE,50.304962,5.998099,490.0
BE-Maa,Maasmechelen,BE,50.97987,5.631851,85.0
BE-Lon,Lonzee,BE,50.55162,4.746234,170.0
BE-Lcr,Lochristi,BE,51.11218,3.85043,6.25
BE-Dor,Dorinne,BE,50.311874,4.968113,253.0
BE-Bra,Brasschaat,BE,51.30761,4.51984,16.0
CD-Ygb,Yangambi,CD,0.814444,24.502472,466.0
CH-Dav,Davos,CH,46.81533,9.85591,1637.0
CH-BaK,Basel Klingelbergstrasse,CH,47.56173,7.58049,273.0
CZ-wet,Trebon,CZ,49.02465,14.77035,426.0
CZ-Lnz,Lanzhot,CZ,48.68155,16.946331,182.0
CZ-BK1,Bily Kriz forest,CZ,49.502075,18.536882,881.0
DE-RuW,Wustebach,DE,50.50493,6.3309627,610.0
DE-Tha,Tharandt,DE,50.962597,13.565333,380.0
DE-RuS,Selhausen Juelich,DE,50.865906,6.4471445,106.0
DE-RuR,Rollesbroich,DE,50.621914,6.304126,514.7
DE-Msr,Mooseurach,DE,47.80918,11.456168,602.07
DE-Kli,Klingenberg,DE,50.893044,13.5223,478.0
DE-HoH,Hohes Holz,DE,52.08656,11.22235,217.0
DE-Hzd,Hetzdorf,DE,50.96381,13.48978,395.0
DE-Har,Hartheim,DE,47.93391,7.59814,201.0
DE-Hai,Hainich,DE,51.079212,10.452168,438.7
DE-GsB,Grosses Bruch,DE,52.029648,11.10478,78.0
DE-Gri,Grillenburg,DE,50.950005,13.512533,385.0
DE-Geb,Gebesee,DE,51.09973,10.91463,163.0
DE-Brs,Braunschweig,DE,52.29663,10.44871,78.0
DE-BeR,Berlin-Rothenburgstrasse,DE,52.457233,13.315827,57.0
DE-Amv,Amtsvenn,DE,52.1757,6.95537,35.0
DK-Vng,Voulundgaard,DK,56.037476,9.160709,67.7
DK-Sor,Soroe,DK,55.48587,11.644645,55.0
DK-Skj,Skjern,DK,55.91273,8.40481,2.0
DK-RCW,Risoe,DK,55.680683,12.101398,40.0
DK-Gds,Gludsted Plantage,DK,56.0737,9.3341,86.0
ES-LMa,Las Majadas de Tiétar,ES,39.94033,-5.77465,265.0
FI-Var,Varrio,FI,67.7549,29.61,395.0
FI-Tvm,Tvärminne,FI,59.8418,23.2503,1.0
FI-Sod,Sodankyla,FI,67.36239,26.63859,187.0
FI-Sii,Siikaneva,FI,61.83265,24.19285,164.0
FI-Let,Lettosuo,FI,60.64183,23.95952,125.0
FI-Kmp,Kumpula,FI,60.20289,24.9611,26.0
FI-Kvr,Kuivajarvi,FI,61.84662,24.2804,141.0
FI-Ken,Kenttarova,FI,67.98721,24.24301,347.0
FI-Hyy,Hyytiala,FI,61.84741,24.29477,181.0
FR-Tou,Toulouse,FR,43.572857,1.37474,158.0
FR-Pue,Puechabon,FR,43.7413,3.5957,271.0
FR-Mej,Mejusseaume,FR,48.1184,-1.79635,40.0
FR-Lus,Lusignan,FR,46.414246,0.1206518,154.0
FR-Lqu,Laqueuille,FR,45.6444,2.7349,1040.0
FR-Lam,Lamasquere,FR,43.496437,1.237878,181.0
FR-LGt,La Guette,FR,47.322918,2.284102,153.0
FR-Hes,Hesse,FR,48.6741,7.06465,310.0
FR-Gri,Grignon,FR,48.84422,1.95191,125.0
FR-Fon,Fontainebleau-Barbeau,FR,48.476357,2.780096,103.0
FR-FBn,Font-Blanche,FR,43.24079,5.67865,436.0
FR-EM2,Estrees-Mons A28,FR,49.87211,3.02065,85.0
FR-CLt,Col du Lautaret,FR,45.0414,6.41053,2050.6
FR-Bil,Bilos,FR,44.493652,-0.956092,39.18
FR-Aur,Aurade,FR,43.54965,1.106103,250.0
UK-AMo,Auchencorth Moss,GB,55.792545,-3.2436917,268.0
GF-Guy,Guyaflux,GF,5.2787,-52.9248,40.0
GL-ZaH,Zackenberg Gras,GL,74.4733,-20.550869,41.0
GL-ZaF,Zackenberg Fen,GL,74.48152,-20.555773,42.0
GL-NuF,Nuuk Fen,GL,64.130936,-51.386066,43.0
GL-Dsk,Disko,GL,69.25349,-53.51413,8.0
GR-HeM,Heraklion Mastabas,GR,35.32343,25.13017,69.0
GR-HeK,Heraklion Kornarou,GR,35.33613,25.1328,30.0
IT-TrF,Torgnon-LD,IT,45.82376,7.56089,2100.0
IT-Tor,Torgnon,IT,45.84444,7.578055,2168.0
IT-Sas,Sassari,IT,40.716957,8.575956,262.0
IT-SR2,San Rossore 2,IT,43.73202,10.29091,4.0
IT-Ren,Renon,IT,46.58686,11.43369,1744.0
IT-OXm,Osservatorio Ximeniano Firenze,IT,43.774464,11.255111,66.0
IT-Niv,Nivolet,IT,45.49091,7.13943,2750.0
IT-MBo,Monte Bondone,IT,46.01468,11.045831,1550.0
IT-Lsn,Lison,IT,45.740482,12.750297,1.0
IT-Cp2,Castelporziano2,IT,41.704266,12.357293,17.0
IT-BFt,Bosco Fontana,IT,45.197754,10.741966,23.0
IT-BCi,Borgo Cioffi,IT,40.52375,14.957444,10.0
IT-Noe,Arca di Noe - Le Prigionette,IT,40.606174,8.151694,25.0
NL-Loo,Loobos,NL,52.166447,5.74355,33.0
NO-Hur,Hurdal,NO,60.37163,11.07949,275.1308
SE-Svb,Svartberget,SE,64.25611,19.7745,267.0
SE-Nor,Norunda,SE,60.0865,17.479504,58.0
SE-Htm,Hyltemossa,SE,56.09763,13.41897,115.0
SE-Deg,Degero,SE,64.18203,19.55654,270.0
SE-Sto,Abisko-Stordalen Palsa Bog,SE,68.35594,19.045208,351.893
